state_of_residence,births_national,births_allofus
Alabama,NA,NA
California,NA,NA
Florida,NA,NA
Georgia,NA,NA
Illinois,NA,NA
Louisiana,NA,NA
Maryland,NA,NA
Michigan,NA,NA
Mississippi,NA,NA
New York,NA,NA
North Carolina,NA,NA
Ohio,NA,NA
Pennsylvania,NA,NA
South Carolina,NA,NA
Tennessee,NA,NA
Texas,NA,NA
Virginia,NA,NA
Arizona,NA,NA
Arkansas,NA,NA
Indiana,NA,NA
Kentucky,NA,NA
Missouri,NA,NA
Oklahoma,NA,NA
Washington,NA,NA
West Virginia,NA,NA
Alaska,NA,NA
Colorado,NA,NA
Hawaii,NA,NA
Iowa,NA,NA
Kansas,NA,NA
Massachusetts,NA,NA
Minnesota,NA,NA
Nebraska,NA,NA
Nevada,NA,NA
New Jersey,NA,NA
Oregon,NA,NA
Wisconsin,NA,NA
Connecticut,NA,NA
Delaware,NA,NA
District of Columbia,NA,NA
New Mexico,NA,NA
Rhode Island,NA,NA
Utah,NA,NA
Idaho,NA,NA
Maine,NA,NA
Montana,NA,NA
New Hampshire,NA,NA
North Dakota,NA,NA
South Dakota,NA,NA
Vermont,NA,NA
Wyoming,NA,NA
